{"stats":{"minecraft:used":{"minecraft:water_bucket":26,"minecraft:diorite":1,"minecraft:stone_pickaxe":108,"minecraft:oak_planks":3,"minecraft:wooden_pickaxe":7,"minecraft:chest":1,"minecraft:shield":42,"minecraft:iron_sword":48,"minecraft:rotten_flesh":11,"minecraft:netherrack":40,"minecraft:golden_apple":2,"minecraft:glow_berries":14,"minecraft:dirt":7,"minecraft:crafting_table":6,"minecraft:lava_bucket":1,"minecraft:bread":5,"minecraft:melon_slice":17,"minecraft:iron_pickaxe":268,"minecraft:stone_axe":67,"minecraft:cobblestone":51,"minecraft:furnace":1,"minecraft:bucket":28,"minecraft:egg":1,"minecraft:cobbled_deepslate":18},"minecraft:crafted":{"minecraft:oak_planks":40,"minecraft:crafting_table":3,"minecraft:wooden_pickaxe":2,"minecraft:iron_sword":2,"minecraft:furnace":1,"minecraft:bucket":1,"minecraft:stone_axe":1,"minecraft:air":0,"minecraft:jungle_planks":16,"minecraft:diamond_helmet":1,"minecraft:iron_chestplate":1,"minecraft:golden_leggings":1,"minecraft:shield":1,"minecraft:stick":20,"minecraft:iron_ingot":7,"minecraft:iron_pickaxe":1,"minecraft:stone_pickaxe":2,"minecraft:chest":1,"minecraft:diamond_boots":1,"minecraft:gold_ingot":18,"minecraft:diamond_chestplate":1},"minecraft:custom":{"minecraft:interact_with_furnace":32,"minecraft:mob_kills":36,"minecraft:interact_with_crafting_table":20,"minecraft:leave_game":15,"minecraft:time_since_death":47,"minecraft:climb_one_cm":2475,"minecraft:time_since_rest":70,"minecraft:sprint_one_cm":229918,"minecraft:damage_absorbed":82,"minecraft:damage_taken":2333,"minecraft:walk_one_cm":179172,"minecraft:damage_blocked_by_shield":1085,"minecraft:drop":9,"minecraft:damage_dealt":7780,"minecraft:swim_one_cm":32639,"minecraft:fly_one_cm":239506,"minecraft:open_chest":46,"minecraft:crouch_one_cm":18749,"minecraft:play_time":72819,"minecraft:deaths":6,"minecraft:sneak_time":6123,"minecraft:walk_under_water_one_cm":14064,"minecraft:jump":1834,"minecraft:walk_on_water_one_cm":18262,"minecraft:total_world_time":72819,"minecraft:fall_one_cm":49336},"minecraft:mined":{"minecraft:tuff":2,"minecraft:deepslate_diamond_ore":7,"minecraft:basalt":1,"minecraft:crafting_table":4,"minecraft:granite":4,"minecraft:grass_block":4,"minecraft:jungle_log":4,"minecraft:tall_grass":2,"minecraft:cobblestone":1,"minecraft:lapis_ore":4,"minecraft:deepslate_gold_ore":4,"minecraft:sugar_cane":2,"minecraft:diorite":3,"minecraft:spawner":1,"minecraft:polished_blackstone_bricks":4,"minecraft:iron_ore":29,"minecraft:cobbled_deepslate":3,"minecraft:fire":4,"minecraft:deepslate_lapis_ore":6,"minecraft:gold_block":1,"minecraft:grass":3,"minecraft:oak_log":10,"minecraft:coal_ore":6,"minecraft:deepslate_iron_ore":15,"minecraft:gravel":3,"minecraft:dirt":6,"minecraft:bamboo":1,"minecraft:stone":78,"minecraft:netherrack":40,"minecraft:bone_block":7,"minecraft:oak_leaves":1,"minecraft:deepslate":157},"minecraft:dropped":{"minecraft:cobbled_deepslate":12,"minecraft:tuff":1,"minecraft:glow_berries":1,"minecraft:diorite":2,"minecraft:wooden_pickaxe":2,"minecraft:stone_pickaxe":1,"minecraft:string":2},"minecraft:killed_by":{"minecraft:player":1,"minecraft:skeleton":2},"minecraft:killed":{"minecraft:piglin":1,"minecraft:zombie_villager":1,"minecraft:spider":2,"minecraft:hoglin":2,"minecraft:skeleton":9,"minecraft:zombie":20},"minecraft:broken":{"minecraft:stone_axe":1},"minecraft:picked_up":{"minecraft:crafting_table":5,"minecraft:iron_chestplate":1,"minecraft:jungle_log":4,"minecraft:leather":1,"minecraft:wooden_pickaxe":1,"minecraft:gold_block":1,"minecraft:flint":2,"minecraft:tuff":2,"minecraft:oak_log":10,"minecraft:shield":1,"minecraft:lapis_lazuli":85,"minecraft:dirt":11,"minecraft:string":2,"minecraft:bone":8,"minecraft:cobbled_deepslate":165,"minecraft:raw_gold":4,"minecraft:iron_ingot":1,"minecraft:stone_pickaxe":1,"minecraft:iron_pickaxe":1,"minecraft:bamboo":7,"minecraft:sugar_cane":6,"minecraft:oak_planks":9,"minecraft:furnace":1,"minecraft:egg":1,"minecraft:stick":2,"minecraft:raw_iron":52,"minecraft:gravel":9,"minecraft:porkchop":4,"minecraft:diorite":3,"minecraft:carrot":1,"minecraft:arrow":12,"minecraft:rotten_flesh":13,"minecraft:diamond":23,"minecraft:stone_axe":1,"minecraft:granite":4,"minecraft:netherrack":40,"minecraft:glow_berries":1,"minecraft:coal":10,"minecraft:bone_block":7,"minecraft:cobblestone":90}},"DataVersion":3463}