{"stats":{"minecraft:broken":{"minecraft:wooden_axe":1},"minecraft:killed":{"minecraft:spider":3,"minecraft:iron_golem":1,"minecraft:creeper":1,"minecraft:zombie":1},"minecraft:crafted":{"minecraft:oak_door":3,"minecraft:oak_planks":32,"minecraft:tripwire_hook":2,"minecraft:crafting_table":1,"minecraft:wooden_pickaxe":1,"minecraft:furnace":1,"minecraft:lever":1,"minecraft:bucket":1,"minecraft:bread":3,"minecraft:air":0,"minecraft:oak_trapdoor":2,"minecraft:wooden_hoe":1,"minecraft:stick":12,"minecraft:iron_ingot":4,"minecraft:stone_pickaxe":1,"minecraft:wooden_axe":1,"minecraft:iron_shovel":1,"minecraft:shears":1,"minecraft:wheat":9},"minecraft:used":{"minecraft:oak_trapdoor":4,"minecraft:water_bucket":6,"minecraft:iron_shovel":65,"minecraft:stone_pickaxe":46,"minecraft:wooden_pickaxe":6,"minecraft:oak_door":1,"minecraft:dirt":88,"minecraft:crafting_table":1,"minecraft:granite":2,"minecraft:shears":15,"minecraft:wooden_axe":33,"minecraft:lever":3,"minecraft:grass_block":1,"minecraft:bread":3,"minecraft:string":30,"minecraft:tripwire_hook":4,"minecraft:furnace":1,"minecraft:bucket":6,"minecraft:egg":2},"minecraft:dropped":{"minecraft:iron_ingot":4,"minecraft:rotten_flesh":1,"minecraft:oak_planks":1,"minecraft:stick":1,"minecraft:poppy":4,"minecraft:dirt":14,"minecraft:gunpowder":2,"minecraft:wooden_hoe":1,"minecraft:wooden_axe":1,"minecraft:yellow_bed":1,"minecraft:spider_eye":1,"minecraft:arrow":1,"minecraft:wooden_pickaxe":1,"minecraft:stone_pickaxe":1,"minecraft:iron_shovel":1,"minecraft:string":7,"minecraft:tripwire_hook":4,"minecraft:bucket":1,"minecraft:bone":2,"minecraft:oak_door":3},"minecraft:custom":{"minecraft:interact_with_furnace":4,"minecraft:mob_kills":6,"minecraft:interact_with_crafting_table":16,"minecraft:leave_game":5,"minecraft:time_since_death":12220,"minecraft:sleep_in_bed":1,"minecraft:time_since_rest":12247,"minecraft:sprint_one_cm":100004,"minecraft:damage_taken":905,"minecraft:walk_one_cm":66681,"minecraft:drop":24,"minecraft:damage_dealt":2275,"minecraft:talked_to_villager":2,"minecraft:swim_one_cm":11964,"minecraft:fly_one_cm":127591,"minecraft:crouch_one_cm":11698,"minecraft:play_time":29412,"minecraft:deaths":2,"minecraft:sneak_time":3270,"minecraft:walk_under_water_one_cm":2419,"minecraft:jump":673,"minecraft:walk_on_water_one_cm":8163,"minecraft:total_world_time":29412,"minecraft:fall_one_cm":14981},"minecraft:mined":{"minecraft:lever":1,"minecraft:granite":3,"minecraft:grass_block":50,"minecraft:tall_grass":1,"minecraft:hay_block":1,"minecraft:oak_trapdoor":2,"minecraft:iron_ore":4,"minecraft:yellow_bed":1,"minecraft:grass":8,"minecraft:oak_log":8,"minecraft:coal_ore":2,"minecraft:dirt":55,"minecraft:tripwire_hook":2,"minecraft:stone":9,"minecraft:tripwire":3},"minecraft:killed_by":{"minecraft:player":2},"minecraft:picked_up":{"minecraft:wooden_axe":1,"minecraft:tripwire_hook":6,"minecraft:wooden_pickaxe":1,"minecraft:oak_log":8,"minecraft:yellow_bed":2,"minecraft:gunpowder":4,"minecraft:wooden_hoe":1,"minecraft:oak_trapdoor":2,"minecraft:dirt":117,"minecraft:string":46,"minecraft:bone":4,"minecraft:wheat_seeds":2,"minecraft:bucket":1,"minecraft:iron_ingot":8,"minecraft:stone_pickaxe":1,"minecraft:poppy":6,"minecraft:oak_planks":5,"minecraft:egg":2,"minecraft:stick":6,"minecraft:raw_iron":4,"minecraft:oak_door":4,"minecraft:grass_block":1,"minecraft:spider_eye":2,"minecraft:arrow":2,"minecraft:rotten_flesh":2,"minecraft:lever":2,"minecraft:hay_block":1,"minecraft:granite":3,"minecraft:coal":2,"minecraft:cobblestone":12}},"DataVersion":3463}