{"stats":{"minecraft:used":{"minecraft:chest":5,"minecraft:shield":9,"minecraft:iron_sword":46,"minecraft:netherrack":6,"minecraft:torch":7,"minecraft:jungle_planks":4,"minecraft:granite":1,"minecraft:dark_oak_planks":2,"minecraft:lava_bucket":1,"minecraft:smooth_basalt":1,"minecraft:diamond_chestplate":1,"minecraft:basalt":18,"minecraft:furnace":6,"minecraft:egg":1,"minecraft:cooked_beef":3,"minecraft:cobbled_deepslate":227,"minecraft:cooked_mutton":7,"minecraft:water_bucket":43,"minecraft:diorite":3,"minecraft:diamond_boots":1,"minecraft:stone_pickaxe":42,"minecraft:oak_planks":18,"minecraft:wooden_pickaxe":15,"minecraft:diamond_axe":2,"minecraft:jungle_boat":1,"minecraft:crafting_table":8,"minecraft:diamond_pickaxe":574,"minecraft:diamond_shovel":1,"minecraft:chicken":3,"minecraft:melon_slice":25,"minecraft:iron_pickaxe":250,"minecraft:stone_axe":103,"minecraft:diamond_sword":132,"minecraft:cobblestone":43,"minecraft:porkchop":3,"minecraft:cooked_porkchop":5,"minecraft:bucket":45,"minecraft:diamond_leggings":1},"minecraft:crafted":{"minecraft:oak_planks":52,"minecraft:furnace":1,"minecraft:cooked_mutton":7,"minecraft:diamond_helmet":1,"minecraft:bow":1,"minecraft:diamond_leggings":1,"minecraft:iron_boots":1,"minecraft:stone_pickaxe":1,"minecraft:chest":4,"minecraft:diamond_boots":1,"minecraft:dark_oak_planks":156,"minecraft:cooked_beef":3,"minecraft:diamond_sword":1,"minecraft:cooked_porkchop":4,"minecraft:diamond_axe":1,"minecraft:crafting_table":1,"minecraft:jungle_boat":1,"minecraft:wooden_pickaxe":1,"minecraft:iron_sword":1,"minecraft:bucket":1,"minecraft:stone_axe":1,"minecraft:air":0,"minecraft:jungle_planks":32,"minecraft:diamond_pickaxe":1,"minecraft:shield":1,"minecraft:stick":20,"minecraft:iron_ingot":65,"minecraft:iron_pickaxe":1,"minecraft:iron_block":3,"minecraft:iron_leggings":1,"minecraft:gold_ingot":2,"minecraft:anvil":1,"minecraft:torch":4,"minecraft:diamond_chestplate":1},"minecraft:custom":{"minecraft:mob_kills":48,"minecraft:interact_with_crafting_table":24,"minecraft:leave_game":1,"minecraft:time_since_death":11414,"minecraft:climb_one_cm":2351,"minecraft:sprint_one_cm":373634,"minecraft:walk_one_cm":245353,"minecraft:damage_blocked_by_shield":290,"minecraft:drop":36,"minecraft:play_time":121703,"minecraft:sneak_time":12310,"minecraft:deaths":3,"minecraft:walk_under_water_one_cm":25347,"minecraft:boat_one_cm":23534,"minecraft:jump":1908,"minecraft:walk_on_water_one_cm":10884,"minecraft:total_world_time":121703,"minecraft:interact_with_furnace":77,"minecraft:sleep_in_bed":1,"minecraft:time_since_rest":5614,"minecraft:damage_taken":2883,"minecraft:damage_dealt":9906,"minecraft:swim_one_cm":46764,"minecraft:fly_one_cm":277111,"minecraft:open_chest":78,"minecraft:crouch_one_cm":40404,"minecraft:fall_one_cm":56649},"minecraft:mined":{"minecraft:nether_gold_ore":11,"minecraft:tuff":20,"minecraft:white_bed":1,"minecraft:deepslate_diamond_ore":97,"minecraft:jungle_leaves":2,"minecraft:dark_oak_log":40,"minecraft:granite":3,"minecraft:budding_amethyst":1,"minecraft:grass_block":1,"minecraft:jungle_log":8,"minecraft:cracked_polished_blackstone_bricks":1,"minecraft:spawner":1,"minecraft:polished_blackstone_bricks":9,"minecraft:redstone_ore":2,"minecraft:furnace":5,"minecraft:iron_ore":9,"minecraft:cobbled_deepslate":15,"minecraft:fire":2,"minecraft:deepslate_lapis_ore":6,"minecraft:gold_block":7,"minecraft:deepslate_iron_ore":13,"minecraft:rail":75,"minecraft:stone":56,"minecraft:deepslate_redstone_ore":17,"minecraft:blackstone":1,"minecraft:soul_sand":1,"minecraft:basalt":27,"minecraft:crafting_table":10,"minecraft:torch":3,"minecraft:calcite":2,"minecraft:melon":8,"minecraft:chest":1,"minecraft:nether_quartz_ore":25,"minecraft:tall_grass":1,"minecraft:cobblestone":5,"minecraft:deepslate_gold_ore":11,"minecraft:sugar_cane":6,"minecraft:diorite":3,"minecraft:wall_torch":4,"minecraft:amethyst_block":1,"minecraft:birch_log":7,"minecraft:grass":11,"minecraft:oak_log":13,"minecraft:coal_ore":21,"minecraft:cobweb":24,"minecraft:smooth_basalt":1,"minecraft:netherrack":12,"minecraft:oak_leaves":9,"minecraft:deepslate":422,"minecraft:fern":1},"minecraft:dropped":{"minecraft:iron_sword":1,"minecraft:wheat_seeds":1,"minecraft:diamond":35,"minecraft:diamond_leggings":1,"minecraft:amethyst_block":1,"minecraft:chest_minecart":2,"minecraft:stick":1,"minecraft:diamond_helmet":1,"minecraft:iron_leggings":1,"minecraft:white_wool":4,"minecraft:smooth_basalt":3,"minecraft:stone_axe":2,"minecraft:cobbled_deepslate":12,"minecraft:rotten_flesh":7,"minecraft:oak_planks":29,"minecraft:iron_boots":1,"minecraft:diamond_sword":1,"minecraft:shield":1,"minecraft:gunpowder":8,"minecraft:diamond_chestplate":1,"minecraft:diamond_pickaxe":1,"minecraft:diamond_boots":1,"minecraft:basalt":18,"minecraft:arrow":2},"minecraft:killed_by":{"minecraft:player":1},"minecraft:killed":{"minecraft:zombified_piglin":2,"minecraft:spider":2,"minecraft:skeleton":5,"minecraft:chicken":3,"minecraft:piglin_brute":7,"minecraft:magma_cube":2,"minecraft:piglin":9,"minecraft:pig":2,"minecraft:hoglin":3,"minecraft:creeper":2,"minecraft:sheep":4,"minecraft:zombie":3,"minecraft:cow":1},"minecraft:broken":{"minecraft:iron_pickaxe":1},"minecraft:picked_up":{"minecraft:crafting_table":9,"minecraft:chicken":3,"minecraft:chest_minecart":3,"minecraft:diamond_sword":1,"minecraft:gold_block":7,"minecraft:shield":1,"minecraft:amethyst_block":1,"minecraft:string":26,"minecraft:blackstone":1,"minecraft:diamond_leggings":1,"minecraft:gold_nugget":45,"minecraft:cobbled_deepslate":248,"minecraft:beef":3,"minecraft:calcite":2,"minecraft:melon_slice":42,"minecraft:sugar_cane":12,"minecraft:chest":1,"minecraft:egg":1,"minecraft:furnace":5,"minecraft:raw_iron":21,"minecraft:torch":7,"minecraft:porkchop":11,"minecraft:polished_blackstone_bricks":11,"minecraft:diorite":3,"minecraft:redstone":82,"minecraft:arrow":6,"minecraft:diamond_chestplate":1,"minecraft:rotten_flesh":9,"minecraft:diamond_boots":1,"minecraft:mutton":7,"minecraft:rail":75,"minecraft:white_wool":13,"minecraft:cobblestone":58,"minecraft:birch_log":7,"minecraft:feather":2,"minecraft:jungle_boat":1,"minecraft:basalt":38,"minecraft:jungle_log":8,"minecraft:leather":3,"minecraft:tuff":17,"minecraft:oak_log":13,"minecraft:gunpowder":8,"minecraft:lapis_lazuli":30,"minecraft:dirt":5,"minecraft:bone":3,"minecraft:wheat_seeds":2,"minecraft:raw_gold":11,"minecraft:iron_ingot":2,"minecraft:diamond_helmet":1,"minecraft:iron_sword":1,"minecraft:oak_planks":60,"minecraft:soul_sand":1,"minecraft:smooth_basalt":4,"minecraft:quartz":25,"minecraft:white_bed":1,"minecraft:dark_oak_log":39,"minecraft:diamond":97,"minecraft:stone_axe":1,"minecraft:cracked_polished_blackstone_bricks":1,"minecraft:granite":3,"minecraft:netherrack":12,"minecraft:coal":69,"minecraft:diamond_pickaxe":1}},"DataVersion":3463}