{"stats":{"minecraft:killed":{"minecraft:skeleton":1},"minecraft:used":{"minecraft:stone_pickaxe":30,"minecraft:wooden_pickaxe":41,"minecraft:stone_axe":1,"minecraft:sand":1,"minecraft:crafting_table":1},"minecraft:crafted":{"minecraft:oak_planks":16,"minecraft:crafting_table":1,"minecraft:stick":8,"minecraft:wooden_pickaxe":1,"minecraft:stone_pickaxe":1,"minecraft:stone_axe":1},"minecraft:custom":{"minecraft:time_since_rest":4969,"minecraft:interact_with_furnace":4,"minecraft:sprint_one_cm":26217,"minecraft:damage_taken":366,"minecraft:walk_one_cm":16223,"minecraft:mob_kills":1,"minecraft:damage_dealt":260,"minecraft:interact_with_crafting_table":8,"minecraft:swim_one_cm":910,"minecraft:fly_one_cm":51337,"minecraft:crouch_one_cm":2152,"minecraft:play_time":10302,"minecraft:deaths":1,"minecraft:sneak_time":1359,"minecraft:walk_under_water_one_cm":429,"minecraft:jump":213,"minecraft:leave_game":1,"minecraft:walk_on_water_one_cm":643,"minecraft:time_since_death":4943,"minecraft:total_world_time":10302,"minecraft:fall_one_cm":7537},"minecraft:mined":{"minecraft:iron_ore":16,"minecraft:crafting_table":1,"minecraft:granite":14,"minecraft:oak_log":4,"minecraft:gravel":1,"minecraft:sand":1,"minecraft:dirt":1,"minecraft:copper_ore":3,"minecraft:stone":37,"minecraft:oak_leaves":1},"minecraft:killed_by":{"minecraft:player":1},"minecraft:picked_up":{"minecraft:raw_iron":16,"minecraft:crafting_table":1,"minecraft:gravel":1,"minecraft:sand":1,"minecraft:oak_log":4,"minecraft:dirt":1,"minecraft:raw_copper":14,"minecraft:granite":14,"minecraft:cobblestone":37,"minecraft:egg":1}},"DataVersion":3463}