{"stats":{"minecraft:used":{"minecraft:rose_bush":2,"minecraft:stone_sword":14,"minecraft:flint_and_steel":1,"minecraft:chest":1,"minecraft:shield":5,"minecraft:rotten_flesh":4,"minecraft:netherrack":55,"minecraft:iron_chestplate":1,"minecraft:oak_door":1,"minecraft:soul_sand":2,"minecraft:dirt":2,"minecraft:anvil":1,"minecraft:mutton":6,"minecraft:carrot":1,"minecraft:diamond_helmet":1,"minecraft:tuff":42,"minecraft:wooden_axe":37,"minecraft:lava_bucket":12,"minecraft:lantern":1,"minecraft:diamond_chestplate":3,"minecraft:basalt":4,"minecraft:furnace":5,"minecraft:cooked_beef":6,"minecraft:cobbled_deepslate":218,"minecraft:cooked_mutton":22,"minecraft:water_bucket":21,"minecraft:diamond_boots":2,"minecraft:stone_pickaxe":201,"minecraft:blackstone":17,"minecraft:wooden_pickaxe":5,"minecraft:polished_blackstone_bricks":25,"minecraft:gilded_blackstone":4,"minecraft:white_wool":1,"minecraft:golden_apple":1,"minecraft:crafting_table":7,"minecraft:white_bed":5,"minecraft:diamond_pickaxe":339,"minecraft:black_wool":1,"minecraft:cracked_polished_blackstone_bricks":10,"minecraft:iron_pickaxe":59,"minecraft:gravel":9,"minecraft:pink_petals":4,"minecraft:diamond_sword":62,"minecraft:cobblestone":93,"minecraft:porkchop":1,"minecraft:cooked_porkchop":1,"minecraft:andesite":1,"minecraft:bucket":34,"minecraft:diamond_leggings":3},"minecraft:crafted":{"minecraft:oak_door":3,"minecraft:oak_planks":40,"minecraft:furnace":2,"minecraft:cooked_mutton":19,"minecraft:flint_and_steel":1,"minecraft:diamond_helmet":1,"minecraft:diamond_leggings":1,"minecraft:stone_pickaxe":2,"minecraft:chest":1,"minecraft:diamond_boots":1,"minecraft:cooked_beef":6,"minecraft:diamond_sword":1,"minecraft:crafting_table":2,"minecraft:wooden_pickaxe":1,"minecraft:bucket":1,"minecraft:air":0,"minecraft:iron_chestplate":1,"minecraft:diamond_pickaxe":1,"minecraft:shield":1,"minecraft:stick":12,"minecraft:iron_ingot":15,"minecraft:iron_pickaxe":1,"minecraft:wooden_axe":1,"minecraft:stone_sword":1,"minecraft:white_bed":3},"minecraft:custom":{"minecraft:mob_kills":38,"minecraft:interact_with_crafting_table":26,"minecraft:leave_game":14,"minecraft:time_since_death":636,"minecraft:climb_one_cm":1567,"minecraft:sprint_one_cm":307774,"minecraft:walk_one_cm":151388,"minecraft:damage_blocked_by_shield":245,"minecraft:drop":6,"minecraft:play_time":117662,"minecraft:deaths":6,"minecraft:sneak_time":18321,"minecraft:walk_under_water_one_cm":8449,"minecraft:jump":2900,"minecraft:walk_on_water_one_cm":12046,"minecraft:total_world_time":117662,"minecraft:interact_with_furnace":44,"minecraft:sleep_in_bed":2,"minecraft:time_since_rest":674,"minecraft:damage_taken":3492,"minecraft:damage_absorbed":40,"minecraft:damage_dealt":6191,"minecraft:swim_one_cm":22348,"minecraft:fly_one_cm":498434,"minecraft:player_kills":2,"minecraft:open_chest":137,"minecraft:crouch_one_cm":66818,"minecraft:fall_one_cm":89202},"minecraft:mined":{"minecraft:nether_gold_ore":3,"minecraft:tuff":27,"minecraft:white_bed":3,"minecraft:deepslate_diamond_ore":2,"minecraft:grass_block":3,"minecraft:cracked_polished_blackstone_bricks":15,"minecraft:polished_blackstone_bricks":51,"minecraft:furnace":4,"minecraft:iron_ore":19,"minecraft:cobbled_deepslate":6,"minecraft:fire":7,"minecraft:anvil":1,"minecraft:deepslate_lapis_ore":1,"minecraft:gold_block":11,"minecraft:deepslate_iron_ore":6,"minecraft:lantern":1,"minecraft:stone":104,"minecraft:blackstone":91,"minecraft:soul_sand":2,"minecraft:crimson_nylium":1,"minecraft:basalt":85,"minecraft:crafting_table":5,"minecraft:rose_bush":2,"minecraft:nether_quartz_ore":12,"minecraft:tall_grass":5,"minecraft:cobblestone":13,"minecraft:deepslate_gold_ore":5,"minecraft:polished_blackstone_brick_stairs":3,"minecraft:pink_petals":1,"minecraft:grass":40,"minecraft:oak_log":10,"minecraft:coal_ore":9,"minecraft:cherry_leaves":42,"minecraft:gravel":18,"minecraft:dirt":3,"minecraft:netherrack":68,"minecraft:oak_leaves":3,"minecraft:deepslate":65,"minecraft:fern":1},"minecraft:dropped":{"minecraft:lapis_lazuli":16,"minecraft:iron_pickaxe":1,"minecraft:bucket":1,"minecraft:gravel":5,"minecraft:shield":1,"minecraft:iron_chestplate":1},"minecraft:killed_by":{"minecraft:spider":1,"minecraft:piglin":2,"minecraft:skeleton":1,"minecraft:zombie":1},"minecraft:killed":{"minecraft:spider":1,"minecraft:skeleton":2,"minecraft:piglin_brute":1,"minecraft:magma_cube":1,"minecraft:piglin":9,"minecraft:pig":1,"minecraft:hoglin":1,"minecraft:sheep":14,"minecraft:zombie":1,"minecraft:cow":4},"minecraft:broken":{"minecraft:wooden_axe":1},"minecraft:picked_up":{"minecraft:wooden_axe":1,"minecraft:crafting_table":7,"minecraft:iron_chestplate":1,"minecraft:anvil":2,"minecraft:wooden_pickaxe":1,"minecraft:diamond_sword":2,"minecraft:gold_block":11,"minecraft:enchanted_book":1,"minecraft:shield":3,"minecraft:polished_blackstone_brick_stairs":3,"minecraft:string":27,"minecraft:blackstone":89,"minecraft:diamond_leggings":2,"minecraft:cobbled_deepslate":204,"minecraft:gold_nugget":60,"minecraft:bucket":2,"minecraft:beef":6,"minecraft:rose_bush":2,"minecraft:netherite_upgrade_smithing_template":2,"minecraft:iron_pickaxe":1,"minecraft:enchanted_golden_apple":1,"minecraft:sugar_cane":18,"minecraft:furnace":4,"minecraft:stick":1,"minecraft:raw_iron":70,"minecraft:torch":8,"minecraft:porkchop":1,"minecraft:polished_blackstone_bricks":42,"minecraft:redstone":85,"minecraft:dark_oak_planks":138,"minecraft:rotten_flesh":2,"minecraft:arrow":40,"minecraft:diamond_chestplate":2,"minecraft:diamond_boots":2,"minecraft:gold_ingot":10,"minecraft:mutton":33,"minecraft:rail":94,"minecraft:bone_block":6,"minecraft:white_wool":19,"minecraft:cobblestone":117,"minecraft:pink_petals":4,"minecraft:basalt":77,"minecraft:magma_cream":16,"minecraft:water_bucket":1,"minecraft:andesite":3,"minecraft:leather":7,"minecraft:flint":1,"minecraft:tuff":27,"minecraft:oak_log":10,"minecraft:lapis_lazuli":133,"minecraft:dirt":6,"minecraft:lantern":2,"minecraft:name_tag":2,"minecraft:cooked_mutton":3,"minecraft:bone":5,"minecraft:bow":1,"minecraft:wheat_seeds":6,"minecraft:raw_gold":5,"minecraft:iron_ingot":23,"minecraft:diamond_helmet":2,"minecraft:iron_sword":1,"minecraft:oak_planks":39,"minecraft:soul_sand":2,"minecraft:quartz":12,"minecraft:gravel":14,"minecraft:white_bed":4,"minecraft:crying_obsidian":6,"minecraft:diamond_shovel":1,"minecraft:diamond":21,"minecraft:cracked_polished_blackstone_bricks":11,"minecraft:crossbow":1,"minecraft:diamond_axe":1,"minecraft:netherrack":68,"minecraft:black_wool":1,"minecraft:coal":17,"minecraft:diamond_pickaxe":2}},"DataVersion":3463}