{"stats":{"minecraft:killed":{"minecraft:spider":1,"minecraft:skeleton":2,"minecraft:zombie":2,"minecraft:villager":1,"minecraft:enderman":1},"minecraft:broken":{"minecraft:wooden_shovel":2,"minecraft:wooden_axe":1},"minecraft:used":{"minecraft:iron_shovel":62,"minecraft:stone_pickaxe":2,"minecraft:wooden_pickaxe":10,"minecraft:wooden_shovel":128,"minecraft:dirt":26,"minecraft:crafting_table":4,"minecraft:white_bed":2,"minecraft:wooden_axe":44,"minecraft:bread":11,"minecraft:string":8,"minecraft:stone_axe":8,"minecraft:cobblestone":2,"minecraft:oak_sapling":2,"minecraft:yellow_bed":4,"minecraft:oak_boat":1,"minecraft:egg":1,"minecraft:dandelion":1},"minecraft:crafted":{"minecraft:oak_planks":104,"minecraft:wooden_shovel":2,"minecraft:crafting_table":2,"minecraft:wooden_pickaxe":1,"minecraft:stone_axe":1,"minecraft:bread":81,"minecraft:oak_boat":1,"minecraft:stick":12,"minecraft:stone_pickaxe":1,"minecraft:wooden_axe":1,"minecraft:wheat":243},"minecraft:dropped":{"minecraft:iron_ingot":1,"minecraft:string":1},"minecraft:custom":{"minecraft:interact_with_furnace":3,"minecraft:mob_kills":7,"minecraft:interact_with_crafting_table":18,"minecraft:bell_ring":25,"minecraft:leave_game":4,"minecraft:time_since_death":1478,"minecraft:sleep_in_bed":2,"minecraft:time_since_rest":1620,"minecraft:sprint_one_cm":82892,"minecraft:damage_taken":505,"minecraft:walk_one_cm":59021,"minecraft:drop":2,"minecraft:damage_dealt":1504,"minecraft:talked_to_villager":6,"minecraft:fly_one_cm":135477,"minecraft:player_kills":3,"minecraft:crouch_one_cm":8448,"minecraft:play_time":29607,"minecraft:deaths":1,"minecraft:sneak_time":2335,"minecraft:boat_one_cm":225,"minecraft:jump":641,"minecraft:walk_on_water_one_cm":959,"minecraft:total_world_time":29607,"minecraft:fall_one_cm":15501},"minecraft:mined":{"minecraft:smithing_table":1,"minecraft:white_bed":2,"minecraft:farmland":25,"minecraft:brewing_stand":2,"minecraft:crafting_table":3,"minecraft:grass_block":60,"minecraft:tall_grass":3,"minecraft:composter":1,"minecraft:hay_block":27,"minecraft:carrots":9,"minecraft:wheat":10,"minecraft:yellow_bed":4,"minecraft:grass":21,"minecraft:potatoes":7,"minecraft:oak_log":26,"minecraft:beetroots":1,"minecraft:dirt":120,"minecraft:stone":9,"minecraft:tripwire":1},"minecraft:killed_by":{"minecraft:zombie":1},"minecraft:picked_up":{"minecraft:crafting_table":4,"minecraft:wheat":2,"minecraft:smithing_table":2,"minecraft:wooden_pickaxe":1,"minecraft:potato":14,"minecraft:oak_log":26,"minecraft:brewing_stand":4,"minecraft:yellow_bed":4,"minecraft:dirt":388,"minecraft:string":9,"minecraft:iron_shovel":2,"minecraft:bone":4,"minecraft:bow":2,"minecraft:wheat_seeds":32,"minecraft:iron_ingot":1,"minecraft:stone_pickaxe":1,"minecraft:oak_boat":2,"minecraft:oak_planks":77,"minecraft:egg":1,"minecraft:composter":2,"minecraft:dandelion":1,"minecraft:white_bed":2,"minecraft:carrot":18,"minecraft:arrow":2,"minecraft:stone_axe":1,"minecraft:beetroot_seeds":2,"minecraft:hay_block":27,"minecraft:bread":70,"minecraft:oak_sapling":2,"minecraft:coal":2,"minecraft:cobblestone":10}},"DataVersion":3463}