{"stats":{"minecraft:used":{"minecraft:wooden_axe":9,"minecraft:crafting_table":2},"minecraft:crafted":{"minecraft:oak_planks":40,"minecraft:crafting_table":1,"minecraft:stick":4,"minecraft:wooden_pickaxe":1,"minecraft:wooden_axe":1},"minecraft:mined":{"minecraft:grass":2,"minecraft:oak_log":10,"minecraft:fern":1,"minecraft:oak_leaves":3,"minecraft:crafting_table":2},"minecraft:picked_up":{"minecraft:crafting_table":2,"minecraft:wheat_seeds":1,"minecraft:oak_log":10},"minecraft:custom":{"minecraft:time_since_rest":2779,"minecraft:crouch_one_cm":6,"minecraft:sprint_one_cm":1629,"minecraft:play_time":2779,"minecraft:damage_taken":20,"minecraft:walk_one_cm":3049,"minecraft:sneak_time":7,"minecraft:jump":9,"minecraft:leave_game":2,"minecraft:time_since_death":2779,"minecraft:total_world_time":2779,"minecraft:interact_with_crafting_table":4,"minecraft:fall_one_cm":484,"minecraft:fly_one_cm":174}},"DataVersion":3463}